graph_index,graph_id,matching_n_customers,matching_n_drivers,matching_max_flow,matching_ford_fulkerson_seconds,matching_coverage_pct,matching_avg_customers_per_driver,matching_avg_drivers_per_customer,scheduling_seed,scheduling_E_max,scheduling_P_penalty,scheduling_B_min,scheduling_B_max,scheduling_I_idle,scheduling_D_delay,scheduling_S_min,scheduling_S_max,scheduling_S_mean,scheduling_H_min,scheduling_H_max,scheduling_H_mean,scheduling_U_min,scheduling_U_max,scheduling_U_mean,scheduling_R_min,scheduling_R_max,scheduling_R_mean,scheduling_objective,conflict_objective,conflict_chosen_strategy,conflict_obj_lowest_index,conflict_obj_load_asc,conflict_obj_load_desc,conflict_obj_conflicts_asc,conflict_obj_conflicts_desc,conflict_resolve_seconds_lowest_index,conflict_resolve_seconds_load_asc,conflict_resolve_seconds_load_desc,conflict_resolve_seconds_conflicts_asc,conflict_resolve_seconds_conflicts_desc,scheduling_total_delay,scheduling_n_assigned,scheduling_n_unassigned,scheduling_total_idle,scheduling_drivers_used,scheduling_max_driver_load,scheduling_avg_load_per_used_driver,scheduling_seconds,conflict_seconds,total_seconds
0,1,1000,200,4280.0,1.8082398751284927,100.0,21.4,4.28,1,15.0,300.0,10.0,60.0,1.0,1.0,0.34947570647885673,59.94155293943625,30.486705202572104,240.03457460159845,597.9599525364323,410.70835137886456,2.3787611321274493,598.1025149589491,292.9190414798959,5.051421076615496,29.994778590077228,17.709678119840813,147703.8461944111,163541.0693883313,load_desc,165967.8154629184,167448.8906569257,163541.0693883313,164476.65868192093,165295.38843741707,1.931212916970253,2.0185167090967298,1.8271002499386668,1.99713912489824,1.780561791965738,1642.0931484336054,674,326,64098.97623989768,166,13,4.0602409638554215,1.297347208019346,2.5578352918382734,3.8551824998576194
0,2,6000,100,25469.0,65.41457954212092,100.0,254.69,4.244833333333333,2,15.0,300.0,10.0,60.0,1.0,1.0,0.4071279888889756,58.91300059170592,28.772347722347916,240.25336278776385,596.8481508312773,410.8967841485885,0.1617507107707361,599.9856403920575,298.1752961242627,5.001553216637157,29.998952161951117,17.543950258327417,1464529.5926506543,1288770.0963805092,load_desc,1291974.4668508137,1290106.3252935589,1288770.0963805092,1290549.0149848766,1290866.8192079435,85.22760004200973,104.23214245797135,97.7629654170014,73.67941283318214,85.06387529196218,6914.181697078784,1789,4211,18555.914683430503,100,29,17.89,7.471616792026907,104.77166866604239,112.2432854580693
0,3,6000,110,25470.0,62.55079983314499,100.0,231.54545454545453,4.245,3,15.0,300.0,10.0,60.0,1.0,1.0,0.08940501053017025,58.40761648598476,30.16644811571846,240.77882483587408,591.5095724278094,391.5969350782116,0.02277301468713855,599.8632046559622,298.7571115729958,5.004360291423805,29.99928330432945,17.46178958082844,1454909.1742742334,1280674.8661593439,lowest_index,1280674.8661593439,1282419.025435623,1280736.9063468538,1281124.7997571623,1281351.1679117267,69.00671154190786,53.75932970899157,68.33292208309285,53.38940574997105,63.28643466695212,7039.191466829624,1818,4182,19035.674692514094,110,29,16.527272727272727,5.341092125046998,69.4771359579172,74.8182280829642
0,4,6000,120,25511.0,62.41958216694184,100.0,212.59166666666667,4.251833333333333,4,15.0,300.0,10.0,60.0,1.0,1.0,0.492829220186648,59.049179995867284,31.737615377103303,240.23348176073614,595.8083210364262,418.85191124434374,0.09869226484129356,599.951100932472,301.3066598089581,5.001110077755034,29.987293331841755,17.50645083888997,1408721.6539434858,1209450.2836195226,load_asc,1211552.0689506207,1209450.2836195226,1209565.3567355317,1210987.2119485445,1210926.849037862,79.48640754213557,68.75542587507516,67.15032854187302,70.01817708299495,72.30432854196988,8408.118979043466,2069,3931,21742.164640478983,120,27,17.241666666666667,5.5761903340462595,79.96647116588429,85.54266149993055
0,5,6000,130,25581.0,63.910597417037934,100.0,196.77692307692308,4.2635,5,15.0,300.0,10.0,60.0,1.0,1.0,0.05518734665194591,59.95056690390429,30.90085639804168,240.52202628037753,597.9334684595508,416.4720964182149,0.1303550888074767,599.9930212112024,301.1864157270182,5.000034003143548,29.999347341285873,17.35631538802698,1383363.7704680513,1171029.3420354754,lowest_index,1171029.3420354754,1172750.7001770781,1173845.6326464245,1171697.6895070206,1171879.1033449995,69.44620995782316,66.40062375017442,76.77797470800579,63.25509308301844,72.45571187487803,8430.222656014339,2202,3798,23199.119379461077,130,29,16.93846153846154,5.754740957869217,77.32455741683953,83.07929837470874
0,6,6000,140,25516.0,64.88249458302744,100.0,182.25714285714287,4.252666666666666,6,15.0,300.0,10.0,60.0,1.0,1.0,0.31878951765772934,59.75832961364601,32.34771508143925,241.3312822895252,598.2748057798957,413.32068580244305,0.07275307724050606,599.9973711770344,296.481423603899,5.0145191046532105,29.99291058758063,17.48649628775744,1365300.4302489466,1146004.6768660403,conflicts_desc,1148058.1352888416,1147450.4166965985,1147308.2381696128,1147679.8267239388,1146004.6768660403,58.54608691716567,66.6544012920931,62.87652604212053,70.14500783313997,62.9296338330023,8801.063822983566,2290,3710,24203.613043056794,140,26,16.357142857142858,5.431709666037932,70.73985695792362,76.17156662396155
0,7,6000,150,25627.0,64.33092612493783,100.0,170.84666666666666,4.271166666666667,7,15.0,300.0,10.0,60.0,1.0,1.0,0.2240545231245572,59.73001700606356,30.556879625751954,243.44321050567834,597.3232080417532,416.40735900161906,0.05164802812136493,599.913538112413,303.58500372784374,5.0164189588960335,29.985773135998354,17.432736758921326,1329482.150258386,1102725.705635226,conflicts_asc,1104747.6030799442,1104119.2901081669,1105433.5247503745,1102725.705635226,1105262.6965246703,62.91153891594149,53.97222091606818,64.5824980828911,62.376564249861985,62.86535224993713,9159.125454905505,2442,3558,26166.58018032061,150,28,16.28,4.800142457941547,65.14107841602527,69.94122087396681
0,8,7000,100,29805.0,85.66854595812038,100.0,298.05,4.257857142857143,8,15.0,300.0,10.0,60.0,1.0,1.0,1.0069231394670441,59.32641592038925,27.10900920939402,244.2796560212324,583.7676074646266,415.00781381456443,0.0722380459136529,599.6472758534846,303.11954273027493,5.003390952121421,29.993310936385907,17.621593514034956,1757766.9363345357,1575498.6515942158,lowest_index,1575498.6515942158,1577380.8380182157,1576015.6268964258,1575711.8361257517,1576457.084142015,138.20321883400902,120.38549200003035,141.2434683330357,132.59056541603059,147.5834886250086,6959.781709801159,1835,5165,19038.869884414577,100,28,18.35,8.621893082978204,148.22710675001144,156.84899983298965
0,9,7000,110,29887.0,87.62470675003715,100.0,271.7,4.269571428571428,9,15.0,300.0,10.0,60.0,1.0,1.0,0.33756304076357546,59.2644448136746,31.413274087794342,241.23516239918513,597.6594036245085,404.5957415350675,0.04048243160226228,599.9861925806673,298.05298203293984,5.005449355517848,29.999462044124265,17.45555397464318,1742669.4111970523,1547311.0901941522,conflicts_asc,1547872.4764012964,1548097.1813612748,1548014.095967366,1547311.0901941522,1548861.502502741,100.7569940420799,98.80816975003108,124.33341466705315,119.5772697920911,103.74639308312908,7803.380495929459,1935,5065,20007.709698222847,110,27,17.59090909090909,7.275989749934524,124.87149320798926,132.14748295792378
0,10,7000,120,29644.0,85.5758162077982,100.0,247.03333333333333,4.234857142857143,10,15.0,300.0,10.0,60.0,1.0,1.0,0.7822459257015768,59.22745631340563,29.217459952015943,243.63895097454113,593.6621167824112,423.42986068267396,0.04318865687913398,599.9097788490667,298.1448882417366,5.002747314478957,29.993238857892315,17.58132898933488,1681673.874686448,1481577.380466889,conflicts_asc,1482087.3095576738,1482338.682326683,1481928.2186516924,1481577.380466889,1482856.3156172673,77.03151516593061,117.5493357910309,118.51519704191014,91.60303704091348,120.55192745802924,8567.653555687133,2165,4835,22509.726911201917,120,28,18.041666666666668,7.330322084017098,121.18750583310612,128.5178279171232
0,11,7000,130,29884.0,89.05667295795865,100.0,229.87692307692308,4.269142857142858,11,15.0,300.0,10.0,60.0,1.0,1.0,1.0126329058498706,59.928149257944106,26.45808600913547,240.41512580953128,596.8508726089128,429.9365030336534,0.010146667757870986,599.971887755134,299.09242212595507,5.004760105165455,29.993888470778376,17.391464836367643,1647709.8514197995,1422329.3421820812,conflicts_asc,1423975.2600090941,1422838.2692071246,1423621.11027157,1422329.3421820812,1422663.177058064,100.55958899995312,113.82916179206222,112.36364004202187,117.66813312517479,95.55098774982616,8759.0108945372,2371,4629,24870.33128754406,130,27,18.23846153846154,7.613026416860521,118.25225766701624,125.86528408387676
0,12,7000,140,29759.0,87.06171454186551,100.0,212.56428571428572,4.251285714285714,12,15.0,300.0,10.0,60.0,1.0,1.0,0.1696219311972036,57.73376573718788,30.114013406613985,241.49465452618384,598.166232991144,437.88939139205536,0.0006451696987319622,599.9735802537642,300.9530479348263,5.001162593433721,29.999906371191827,17.50857130706804,1624433.839534293,1378640.4990031042,conflicts_desc,1381172.8748586273,1379736.1228107612,1382060.129526775,1379108.7203128322,1378640.4990031042,87.24904883396812,97.14753674995154,90.80006133299321,107.44057141593657,105.74637941690162,9179.679785948358,2524,4476,26660.81921715583,140,28,18.02857142857143,7.77610950008966,108.06540145794861,115.84151095803827
0,13,7000,150,29734.0,87.47337787505239,100.0,198.22666666666666,4.247714285714285,13,15.0,300.0,10.0,60.0,1.0,1.0,0.09988769115094831,59.56564133090176,31.884857583401203,248.41976860672816,598.2459318624544,438.74828112067246,0.15684597546949952,599.8669611309912,295.5444632702607,5.000470820052026,29.995148046311737,17.475249560793717,1596561.6613018704,1335429.7856255886,conflicts_desc,1335549.6487346452,1336681.4794876347,1335856.9008913466,1335908.7242432386,1335429.7856255886,84.88119820901193,84.76510570803657,90.37832075008191,83.88984999991953,89.87111025000922,9804.008719354617,2675,4325,28125.776906233958,150,27,17.833333333333332,6.811613083118573,90.92814591689967,97.73975900001824
0,14,8000,100,33933.0,113.26421933388337,100.0,339.33,4.241625,14,15.0,300.0,10.0,60.0,1.0,1.0,0.29357858031150874,59.87844946673943,31.098028175772907,240.1348332971554,593.6727929739413,409.1654498117865,0.01933709290404817,599.9330155035196,300.19077791694673,5.007723449628816,29.999926232517733,17.49286843149707,2047836.6829252664,1863854.346442125,load_desc,1865050.9050719456,1865495.915928652,1863854.346442125,1863989.1370604336,1864810.9695836792,161.4949000000488,126.01905708294362,192.8561657499522,167.0365952909924,185.82719595800154,7596.740886813889,1877,6123,19357.60555531104,100,30,18.77,11.111863625003025,193.49306695908308,204.6049305840861
0,15,8000,110,34079.0,120.00687912502326,100.0,309.8090909090909,4.259875,15,15.0,300.0,10.0,60.0,1.0,1.0,1.0995491625065879,59.879528438615935,30.696482476990543,241.10396874346947,599.9266805926776,422.40110212199875,0.10000847622704256,599.9111872652958,300.69107181907805,5.004082029216565,29.99957105712746,17.613723893101383,2009736.7238171431,1803407.5207883257,load_asc,1803618.002175411,1803407.5207883257,1804168.8560102861,1803901.9505730337,1803924.5006740356,178.91009845794179,180.404883292038,146.5192457078956,180.6069660000503,187.7040442500729,7871.897627884394,2087,5913,21635.623160441297,110,29,18.972727272727273,10.132034457987174,188.33931029215455,198.47134475014172
0,16,8000,120,33963.0,113.43500129203312,100.0,283.025,4.245375,16,15.0,300.0,10.0,60.0,1.0,1.0,0.3970373435555774,59.51881640441335,31.005958588464477,240.57170469374043,595.9302850308004,418.622876244205,0.06161840757381576,599.9798161644391,301.89475337436727,5.002982302137763,29.993755951733796,17.54419818913582,1980076.416208675,1765627.7537123526,conflicts_desc,1767100.7558392237,1767592.7028664765,1767776.4299758314,1766262.2290265514,1765627.7537123526,133.81023158389144,162.89767395798117,135.00247133313678,134.73374612489715,161.9409733749926,8276.278376480712,2219,5781,23051.47533587171,120,29,18.491666666666667,9.095637750113383,163.45318708312698,172.54882483324036
0,17,8000,130,34025.0,115.06380508304574,100.0,261.7307692307692,4.253125,17,15.0,300.0,10.0,60.0,1.0,1.0,0.3952681311093986,59.865820855378594,28.422710117729302,245.96837198159253,598.5023041370146,419.23880243402033,0.0479462922366114,599.9197653033812,299.8929801412757,5.00080788431455,29.99763914791268,17.356878491796447,1950464.7234520693,1720032.5200267993,conflicts_asc,1721081.6415544248,1721794.3420433446,1722824.507172442,1720032.5200267993,1721417.000322225,176.58819904108532,141.95124612515792,178.6983087908011,159.72839654097334,167.76098029105924,9181.023540862185,2380,5620,24851.496485937147,130,29,18.307692307692307,10.401141499867663,179.42449479200877,189.82563629187644
0,18,8000,140,34011.0,121.02640112512745,100.0,242.93571428571428,4.251375,18,15.0,300.0,10.0,60.0,1.0,1.0,0.31520011197670783,59.90788997420076,29.47000736576001,240.52277012226122,599.1748457973639,417.7636352876493,0.09889003373229066,599.8820189206788,299.4853185555373,5.003983311660064,29.995813948828303,17.583480298962904,1926379.7906359136,1688592.126324095,load_desc,1689728.2518503838,1690367.3516394123,1688592.126324095,1688862.3037190705,1689270.3539127538,144.892052375013,138.57262683287263,149.20507154101506,139.3478606250137,163.22034658305347,9562.200335673711,2490,5510,26029.925988421415,140,28,17.785714285714285,10.664912542095408,164.09842674992979,174.7633392920252
0,19,8000,150,34056.0,120.41009787516668,100.0,227.04,4.257,19,15.0,300.0,10.0,60.0,1.0,1.0,0.6292378378665586,59.41906582532038,29.54342441204483,243.5524776814371,599.2387142204656,436.9983102691093,0.06468244522381816,599.9276032156436,303.13322650647314,5.002018241910168,29.99963959735619,17.44640264639473,1883255.752919154,1612397.2755300119,conflicts_desc,1613277.4512459703,1614590.0691813861,1614861.8153816757,1613406.3306101132,1612397.2755300119,136.29272025008686,129.561130290851,145.47916358406655,146.23433925001882,130.6573837918695,10864.910727457836,2758,5242,28932.364802554064,150,28,18.386666666666667,10.683982249815017,147.0545262498781,157.73850849969313
